,code,name,src
0,TS0,密集调研,ts
1,TS1,南北船合并,ts
2,TS2,5G,ts
3,TS3,机场,ts
4,TS4,高价股,ts
5,TS5,烧碱,ts
6,TS6,AH溢价股,ts
7,TS7,保险,ts
8,TS8,PVC,ts
9,TS9,啤酒,ts
10,TS10,火电,ts
11,TS11,银行,ts
12,TS12,碳纤维,ts
13,TS13,安邦系,ts
14,TS14,特高压,ts
15,TS15,高股息,ts
16,TS16,光通信,ts
17,TS17,草甘膦,ts
18,TS18,高速公路,ts
19,TS19,有色-铝,ts
20,TS20,有色-锆,ts
21,TS21,主题公园,ts
22,TS22,白马股,ts
23,TS23,雄安-地产,ts
24,TS24,OLED,ts
25,TS25,MSCI,ts
26,TS26,健康中国,ts
27,TS27,养老金持股,ts
28,TS28,水电,ts
29,TS29,环氧丙烷,ts
30,TS30,PCB板,ts
31,TS31,煤炭,ts
32,TS32,中字头,ts
33,TS33,血制品,ts
34,TS34,钢铁,ts
35,TS35,油服,ts
36,TS36,内蒙古,ts
37,TS37,券商,ts
38,TS38,有色-锌,ts
39,TS39,人民币升值受益,ts
40,TS40,阿里巴巴概念股,ts
41,TS41,有色-锑,ts
42,TS42,海工装备,ts
43,TS43,新能源整车,ts
44,TS44,涤纶,ts
45,TS45,振兴东北,ts
46,TS46,有色-镁,ts
47,TS47,油气改革,ts
48,TS48,一带一路,ts
49,TS49,新进指数成份股,ts
50,TS50,玻纤,ts
51,TS51,大消费,ts
52,TS52,被动元件,ts
53,TS53,北汽新能源,ts
54,TS54,可燃冰,ts
55,TS55,东盟博览会,ts
56,TS56,电改,ts
57,TS57,石墨电极,ts
58,TS58,北京城市规划,ts
59,TS59,特斯拉,ts
60,TS60,赛马,ts
61,TS61,航运,ts
62,TS62,金改,ts
63,TS63,超级高铁,ts
64,TS64,农药,ts
65,TS65,汽车整车,ts
66,TS66,次新股,ts
67,TS67,安徽国企改革,ts
68,TS68,水务,ts
69,TS69,混改,ts
70,TS70,PD-1抑制剂,ts
71,TS71,二胎,ts
72,TS72,固废处理,ts
73,TS73,医药商业,ts
74,TS74,教育,ts
75,TS75,军工混改,ts
76,TS76,海底捞概念股,ts
77,TS77,国家队重仓,ts
78,TS78,硅锰,ts
79,TS79,高送转-预期,ts
80,TS80,央企改革,ts
81,TS81,有机硅,ts
82,TS82,民营医院,ts
83,TS83,华为产业链,ts
84,TS84,蔚来汽车概念股,ts
85,TS85,甲醇,ts
86,TS86,军工研究所,ts
87,TS87,港口,ts
88,TS88,社保重仓,ts
89,TS89,美团概念股,ts
90,TS90,纯碱,ts
91,TS91,转基因,ts
92,TS92,旅游,ts
93,TS93,福建自贸区,ts
94,TS94,核电,ts
95,TS95,乡村振兴,ts
96,TS96,调味品,ts
97,TS97,大飞机,ts
98,TS98,回购,ts
99,TS99,通用航空,ts
100,TS100,白酒,ts
101,TS101,汽车销售,ts
102,TS102,重庆国企改革,ts
103,TS103,制冷剂,ts
104,TS104,航母,ts
105,TS105,新零售,ts
106,TS106,饲料,ts
107,TS107,空铁WiFi,ts
108,TS108,有色金属,ts
109,TS109,养猪,ts
110,TS110,芬太尼概念,ts
111,TS111,业绩预增,ts
112,TS112,参股券商,ts
113,TS113,园林,ts
114,TS114,宝能系,ts
115,TS115,破净股,ts
116,TS116,饮料,ts
117,TS117,风电,ts
118,TS118,粤港澳大湾区,ts
119,TS119,棉花,ts
120,TS120,中科院系,ts
121,TS121,页岩气,ts
122,TS122,重卡,ts
123,TS123,供应链金融,ts
124,TS124,保健品,ts
125,TS125,锦纶（尼龙）,ts
126,TS126,染料,ts
127,TS127,军工,ts
128,TS128,纺织服装,ts
129,TS129,天然气,ts
130,TS130,军民融合,ts
131,TS131,石油化工,ts
132,TS132,浙江国企改革,ts
133,TS133,无人机,ts
134,TS134,有色-镍,ts
135,TS135,养鸡,ts
136,TS136,兜底式增持,ts
137,TS137,有色-钴,ts
138,TS138,汽车零部件,ts
139,TS139,有色-钼,ts
140,TS140,炭黑,ts
141,TS141,大基建,ts
142,TS142,物联网,ts
143,TS143,百度概念股,ts
144,TS144,筹码集中,ts
145,TS145,宁德时代概念股,ts
146,TS146,光伏,ts
147,TS147,信托,ts
148,TS148,储能,ts
149,TS149,装配式建筑,ts
150,TS150,煤化工,ts
151,TS151,脑科学,ts
152,TS152,食品,ts
153,TS153,无人驾驶,ts
154,TS154,债转股-AMC,ts
155,TS155,湖南国企改革,ts
156,TS156,新疆,ts
157,TS157,雄安-园林环保,ts
158,TS158,雄安-金融,ts
159,TS159,中韩自贸区,ts
160,TS160,恒大概念股,ts
161,TS161,智慧物流,ts
162,TS162,谷歌概念股,ts
163,TS163,雄安-智慧城市,ts
164,TS164,化肥,ts
165,TS165,特色小镇,ts
166,TS166,养老产业,ts
167,TS167,厨卫家电,ts
168,TS168,农垦,ts
169,TS169,农机,ts
170,TS170,定增破发,ts
171,TS171,稀土磁材,ts
172,TS172,休闲食品,ts
173,TS173,小家电,ts
174,TS174,有色-钨,ts
175,TS175,工业自动化,ts
176,TS176,智能仪表,ts
177,TS177,雄安-建材,ts
178,TS178,乳业（奶粉）,ts
179,TS179,山西国企改革,ts
180,TS180,水泥,ts
181,TS181,地下管廊,ts
182,TS182,轮胎,ts
183,TS183,铁总混改,ts
184,TS184,机械,ts
185,TS185,环杭州湾大湾区,ts
186,TS186,高质押率,ts
187,TS187,雄安-公共服务,ts
188,TS188,河南自贸区,ts
189,TS189,山东国企改革,ts
190,TS190,医药,ts
191,TS191,太赫兹,ts
192,TS192,万达系,ts
193,TS193,白色家电,ts
194,TS194,白糖,ts
195,TS195,水利,ts
196,TS196,中药,ts
197,TS197,智慧停车,ts
198,TS198,大气治理,ts
199,TS199,房地产,ts
200,TS200,创新药,ts
201,TS201,海绵城市,ts
202,TS202,北斗导航,ts
203,TS203,铁矿石,ts
204,TS204,网络安全,ts
205,TS205,家电,ts
206,TS206,土地流转,ts
207,TS207,化学药,ts
208,TS208,锂电池,ts
209,TS209,海南自由贸易港,ts
210,TS210,PPP,ts
211,TS211,小米概念股,ts
212,TS212,疫苗,ts
213,TS213,林业,ts
214,TS214,磷化工,ts
215,TS215,燃料电池,ts
216,TS216,量子通信,ts
217,TS217,高送转-填权,ts
218,TS218,环保,ts
219,TS219,3D打印,ts
220,TS220,数字中国,ts
221,TS221,智能制造,ts
222,TS222,创业板人气股,ts
223,TS223,直播/短视频,ts
224,TS224,冷链,ts
225,TS225,雄安新区,ts
226,TS226,新疆国企改革,ts
227,TS227,互联网金融,ts
228,TS228,有色-钒,ts
229,TS229,无线充电,ts
230,TS230,维生素,ts
231,TS231,上海国企改革,ts
232,TS232,新能源汽车,ts
233,TS233,基因测序,ts
234,TS234,雄安-工程基建,ts
235,TS235,京津冀,ts
236,TS236,快递物流,ts
237,TS237,医疗器械,ts
238,TS238,移动支付,ts
239,TS239,大数据,ts
240,TS240,油品升级,ts
241,TS241,低价股,ts
242,TS242,醋酸,ts
243,TS243,流感,ts
244,TS244,药品信息化追溯,ts
245,TS245,有色-铜,ts
246,TS246,云计算,ts
247,TS247,进口博览会,ts
248,TS248,人民币贬值受益,ts
249,TS249,举牌股,ts
250,TS250,住房租赁,ts
251,TS251,高送转,ts
252,TS252,自贸区,ts
253,TS253,耐火材料,ts
254,TS254,人工智能,ts
255,TS255,草铵膦,ts
256,TS256,造纸,ts
257,TS257,石墨烯,ts
258,TS258,互联网医疗,ts
259,TS259,眼科,ts
260,TS260,污水处理,ts
261,TS261,区块链,ts
262,TS262,玻璃,ts
263,TS263,足球,ts
264,TS264,工业互联网,ts
265,TS265,指纹识别,ts
266,TS266,半导体,ts
267,TS267,3D感应,ts
268,TS268,无人商店,ts
269,TS269,智慧城市,ts
270,TS270,农业种植,ts
271,TS271,3D玻璃,ts
272,TS272,印染,ts
273,TS273,西藏,ts
274,TS274,雄安-周边,ts
275,TS275,跨境电商,ts
276,TS276,粘胶短纤,ts
277,TS277,国产软件,ts
278,TS278,智能音箱,ts
279,TS279,天津国企改革,ts
280,TS280,自由贸易港,ts
281,TS281,广西,ts
282,TS282,股权转让,ts
283,TS283,电竞,ts
284,TS284,彩票,ts
285,TS285,钛白粉,ts
286,TS286,复牌股,ts
287,TS287,精准医疗,ts
288,TS288,京东金融概念股,ts
289,TS289,民爆,ts
290,TS290,VR&AR,ts
291,TS291,腾讯概念股,ts
292,TS292,家具家居,ts
293,TS293,苹果产业链,ts
294,TS294,高校系,ts
295,TS295,国产芯片,ts
296,TS296,滴滴出行概念股,ts
297,TS297,共享经济,ts
298,TS298,期货概念,ts
299,TS299,黑色家电,ts
300,TS300,地热,ts
301,TS301,天津自贸区,ts
302,TS302,迈瑞医疗概念股,ts
303,TS303,医疗信息化,ts
304,TS304,动物保健,ts
305,TS305,电子发票,ts
306,TS306,股权争夺,ts
307,TS307,国产操作系统,ts
308,TS308,高铁轨交,ts
309,TS309,体外诊断,ts
310,TS310,机器视觉,ts
311,TS311,国资入股,ts
312,TS312,包装印刷,ts
313,TS313,智慧安防,ts
314,TS314,资产重组,ts
315,TS315,独角兽,ts
316,TS316,年报季报,ts
317,TS317,机器人,ts
318,TS318,LED,ts
319,TS319,碳交易,ts
320,TS320,手势识别,ts
321,TS321,ST股,ts
322,TS322,蚂蚁金服概念股,ts
323,TS323,充电桩,ts
324,TS324,游戏,ts
325,TS325,装修装饰,ts
326,TS326,有色-钛,ts
327,TS327,手游,ts
328,TS328,虹膜识别,ts
329,TS329,广电,ts
330,TS330,深圳本地股/深汕合作,ts
331,TS331,化妆品,ts
332,TS332,体育产业,ts
333,TS333,影视,ts
334,TS334,壳公司,ts
335,TS335,黄金,ts
336,TS336,海南,ts
337,TS337,知识产权,ts
338,TS338,燃料乙醇,ts
339,TS339,ST摘帽,ts
340,TS340,破发次新,ts
341,TS341,上海自由贸易港,ts
342,TS342,民航,ts
343,TS343,宁夏,ts
344,TS344,人脸识别,ts
345,TS345,强势人气股,ts
346,TS346,橡胶,ts
347,TS347,动漫,ts
348,TS348,苹果期货,ts
349,TS349,无人银行,ts
350,TS350,富勒烯,ts
351,TS351,科创板概念股,ts
352,TS352,创投,ts
353,TS353,电子车牌,ts
354,TS354,雄安-设计,ts
355,TS355,工业大麻,ts
356,TS356,透明工厂,ts
357,TS357,人造肉,ts
